-- phpMyAdmin SQL Dump
-- version 5.2.1
-- https://www.phpmyadmin.net/
--
-- Host: 127.0.0.1
-- Generation Time: Dec 05, 2025 at 05:04 PM
-- Server version: 10.4.32-MariaDB
-- PHP Version: 8.2.12

SET SQL_MODE = "NO_AUTO_VALUE_ON_ZERO";
START TRANSACTION;
SET time_zone = "+00:00";


/*!40101 SET @OLD_CHARACTER_SET_CLIENT=@@CHARACTER_SET_CLIENT */;
/*!40101 SET @OLD_CHARACTER_SET_RESULTS=@@CHARACTER_SET_RESULTS */;
/*!40101 SET @OLD_COLLATION_CONNECTION=@@COLLATION_CONNECTION */;
/*!40101 SET NAMES utf8mb4 */;

--
-- Database: `horarios_universidad`
--

-- --------------------------------------------------------

--
-- Table structure for table `asignaciones`
--

CREATE TABLE `asignaciones` (
  `id` int(11) NOT NULL,
  `horario_id` int(11) NOT NULL,
  `maestro_id` int(11) NOT NULL,
  `materia_id` int(11) NOT NULL,
  `grupo_id` int(11) NOT NULL,
  `dia_semana` int(11) NOT NULL,
  `hora_inicio` int(11) NOT NULL,
  `hora_fin` int(11) NOT NULL
) ENGINE=InnoDB DEFAULT CHARSET=utf8mb4 COLLATE=utf8mb4_general_ci;

--
-- Dumping data for table `asignaciones`
--

INSERT INTO `asignaciones` (`id`, `horario_id`, `maestro_id`, `materia_id`, `grupo_id`, `dia_semana`, `hora_inicio`, `hora_fin`) VALUES
(1090, 42, 127, 9, 42, 0, 7, 8),
(1091, 42, 128, 14, 42, 0, 8, 9),
(1092, 42, 118, 13, 42, 0, 9, 10),
(1093, 42, 110, 11, 42, 0, 10, 11),
(1094, 42, 110, 11, 42, 0, 11, 12),
(1095, 42, 107, 10, 42, 0, 12, 13),
(1096, 42, 119, 15, 42, 0, 13, 14),
(1097, 42, 118, 13, 42, 1, 7, 8),
(1098, 42, 119, 15, 42, 1, 8, 9),
(1099, 42, 107, 10, 42, 1, 9, 10),
(1100, 42, 110, 11, 42, 1, 10, 11),
(1101, 42, 100, 12, 42, 1, 11, 12),
(1102, 42, 127, 9, 42, 1, 12, 13),
(1103, 42, 110, 11, 42, 1, 13, 14),
(1104, 42, 119, 15, 42, 2, 7, 8),
(1105, 42, 128, 14, 42, 2, 8, 9),
(1106, 42, 127, 9, 42, 2, 9, 10),
(1107, 42, 118, 13, 42, 2, 10, 11),
(1108, 42, 118, 13, 42, 2, 11, 12),
(1109, 42, 110, 11, 42, 2, 12, 13),
(1110, 42, 100, 12, 42, 2, 13, 14),
(1111, 42, 119, 15, 42, 3, 7, 8),
(1112, 42, 118, 13, 42, 3, 8, 9),
(1113, 42, 100, 12, 42, 3, 9, 10),
(1114, 42, 107, 10, 42, 3, 10, 11),
(1115, 42, 127, 9, 42, 3, 11, 12),
(1116, 42, 128, 14, 42, 3, 12, 13),
(1117, 42, 110, 11, 42, 3, 13, 14),
(1118, 42, 118, 13, 42, 4, 7, 8),
(1119, 42, 127, 9, 42, 4, 8, 9),
(1120, 42, 128, 14, 42, 4, 9, 10),
(1121, 42, 100, 12, 42, 4, 10, 11),
(1122, 42, 110, 11, 42, 4, 11, 12),
(1123, 42, 107, 10, 42, 4, 12, 13),
(1124, 42, 119, 15, 42, 4, 13, 14),
(1125, 43, 125, 14, 43, 0, 7, 8),
(1126, 43, 96, 9, 43, 0, 8, 9),
(1127, 43, 110, 11, 43, 0, 9, 10),
(1128, 43, 104, 13, 43, 0, 10, 11),
(1129, 43, 110, 11, 43, 0, 11, 12),
(1130, 43, 119, 15, 43, 0, 12, 13),
(1131, 43, 107, 10, 43, 0, 13, 14),
(1132, 43, 107, 10, 43, 1, 7, 8),
(1133, 43, 104, 13, 43, 1, 8, 9),
(1134, 43, 116, 12, 43, 1, 9, 10),
(1135, 43, 96, 9, 43, 1, 10, 11),
(1136, 43, 110, 11, 43, 1, 11, 12),
(1137, 43, 110, 11, 43, 1, 12, 13),
(1138, 43, 119, 15, 43, 1, 13, 14),
(1139, 43, 119, 15, 43, 2, 7, 8),
(1140, 43, 104, 13, 43, 2, 8, 9),
(1141, 43, 96, 9, 43, 2, 9, 10),
(1142, 43, 125, 14, 43, 2, 10, 11),
(1143, 43, 116, 12, 43, 2, 11, 12),
(1144, 43, 104, 13, 43, 2, 12, 13),
(1145, 43, 110, 11, 43, 2, 13, 14),
(1146, 43, 119, 15, 43, 3, 7, 8),
(1147, 43, 104, 13, 43, 3, 8, 9),
(1148, 43, 116, 12, 43, 3, 9, 10),
(1149, 43, 110, 11, 43, 3, 10, 11),
(1150, 43, 125, 14, 43, 3, 11, 12),
(1151, 43, 96, 9, 43, 3, 12, 13),
(1152, 43, 107, 10, 43, 3, 13, 14),
(1153, 43, 104, 13, 43, 4, 7, 8),
(1154, 43, 96, 9, 43, 4, 8, 9),
(1155, 43, 107, 10, 43, 4, 9, 10),
(1156, 43, 116, 12, 43, 4, 10, 11),
(1157, 43, 110, 11, 43, 4, 11, 12),
(1158, 43, 119, 15, 43, 4, 12, 13),
(1159, 43, 125, 14, 43, 4, 13, 14),
(1160, 44, 122, 22, 44, 0, 7, 8),
(1161, 44, 103, 16, 44, 0, 8, 9),
(1162, 44, 110, 20, 44, 0, 9, 10),
(1163, 44, 109, 21, 44, 0, 10, 11),
(1164, 44, 126, 18, 44, 0, 11, 12),
(1165, 44, 100, 19, 44, 0, 12, 13),
(1166, 44, 126, 18, 44, 0, 13, 14),
(1167, 44, 126, 18, 44, 1, 7, 8),
(1168, 44, 110, 20, 44, 1, 8, 9),
(1169, 44, 109, 21, 44, 1, 9, 10),
(1170, 44, 103, 16, 44, 1, 10, 11),
(1171, 44, 107, 17, 44, 1, 11, 12),
(1172, 44, 122, 22, 44, 1, 12, 13),
(1173, 44, 100, 19, 44, 1, 13, 14),
(1174, 44, 100, 19, 44, 2, 7, 8),
(1175, 44, 110, 20, 44, 2, 8, 9),
(1176, 44, 126, 18, 44, 2, 9, 10),
(1177, 44, 103, 16, 44, 2, 10, 11),
(1178, 44, 122, 22, 44, 2, 11, 12),
(1179, 44, 109, 21, 44, 2, 12, 13),
(1180, 44, 107, 17, 44, 2, 13, 14),
(1181, 44, 122, 22, 44, 3, 7, 8),
(1182, 44, 110, 20, 44, 3, 8, 9),
(1183, 44, 103, 16, 44, 3, 9, 10),
(1184, 44, 126, 18, 44, 3, 10, 11),
(1185, 44, 107, 17, 44, 3, 11, 12),
(1186, 44, 100, 19, 44, 3, 12, 13),
(1187, 44, 109, 21, 44, 3, 13, 14),
(1188, 44, 103, 16, 44, 4, 7, 8),
(1189, 44, 110, 20, 44, 4, 8, 9),
(1190, 44, 107, 17, 44, 4, 9, 10),
(1191, 44, 109, 21, 44, 4, 10, 11),
(1192, 44, 122, 22, 44, 4, 11, 12),
(1193, 44, 100, 19, 44, 4, 12, 13),
(1194, 44, 126, 18, 44, 4, 13, 14),
(1195, 45, 132, 19, 45, 0, 7, 8),
(1196, 45, 103, 16, 45, 0, 8, 9),
(1197, 45, 110, 20, 45, 0, 9, 10),
(1198, 45, 126, 18, 45, 0, 10, 11),
(1199, 45, 98, 21, 45, 0, 11, 12),
(1200, 45, 105, 22, 45, 0, 12, 13),
(1201, 45, 126, 18, 45, 0, 13, 14),
(1202, 45, 110, 20, 45, 1, 7, 8),
(1203, 45, 103, 16, 45, 1, 8, 9),
(1204, 45, 105, 22, 45, 1, 9, 10),
(1205, 45, 107, 17, 45, 1, 10, 11),
(1206, 45, 98, 21, 45, 1, 11, 12),
(1207, 45, 132, 19, 45, 1, 12, 13),
(1208, 45, 126, 18, 45, 1, 13, 14),
(1209, 45, 105, 22, 45, 2, 7, 8),
(1210, 45, 98, 21, 45, 2, 8, 9),
(1211, 45, 126, 18, 45, 2, 9, 10),
(1212, 45, 110, 20, 45, 2, 10, 11),
(1213, 45, 103, 16, 45, 2, 11, 12),
(1214, 45, 132, 19, 45, 2, 12, 13),
(1215, 45, 107, 17, 45, 2, 13, 14),
(1216, 45, 126, 18, 45, 3, 7, 8),
(1217, 45, 103, 16, 45, 3, 8, 9),
(1218, 45, 107, 17, 45, 3, 9, 10),
(1219, 45, 105, 22, 45, 3, 10, 11),
(1220, 45, 132, 19, 45, 3, 11, 12),
(1221, 45, 110, 20, 45, 3, 12, 13),
(1222, 45, 98, 21, 45, 3, 13, 14),
(1223, 45, 107, 17, 45, 4, 7, 8),
(1224, 45, 98, 21, 45, 4, 8, 9),
(1225, 45, 110, 20, 45, 4, 9, 10),
(1226, 45, 132, 19, 45, 4, 10, 11),
(1227, 45, 105, 22, 45, 4, 11, 12),
(1228, 45, 126, 18, 45, 4, 12, 13),
(1229, 45, 103, 16, 45, 4, 13, 14),
(1230, 46, 112, 28, 46, 0, 7, 8),
(1231, 46, 102, 24, 46, 0, 8, 9),
(1232, 46, 97, 25, 46, 0, 9, 10),
(1233, 46, 112, 28, 46, 0, 10, 11),
(1234, 46, 96, 23, 46, 0, 11, 12),
(1235, 46, 129, 27, 46, 0, 12, 13),
(1236, 46, 134, 26, 46, 0, 13, 14),
(1237, 46, 96, 23, 46, 1, 7, 8),
(1238, 46, 97, 25, 46, 1, 8, 9),
(1239, 46, 129, 27, 46, 1, 9, 10),
(1240, 46, 117, 29, 46, 1, 10, 11),
(1241, 46, 112, 28, 46, 1, 11, 12),
(1242, 46, 134, 26, 46, 1, 12, 13),
(1243, 46, 112, 28, 46, 1, 13, 14),
(1244, 46, 117, 29, 46, 2, 7, 8),
(1245, 46, 96, 23, 46, 2, 8, 9),
(1246, 46, 102, 24, 46, 2, 9, 10),
(1247, 46, 112, 28, 46, 2, 10, 11),
(1248, 46, 134, 26, 46, 2, 11, 12),
(1249, 46, 134, 26, 46, 2, 12, 13),
(1250, 46, 129, 27, 46, 2, 13, 14),
(1251, 46, 117, 29, 46, 3, 7, 8),
(1252, 46, 129, 27, 46, 3, 8, 9),
(1253, 46, 96, 23, 46, 3, 9, 10),
(1254, 46, 112, 28, 46, 3, 10, 11),
(1255, 46, 97, 25, 46, 3, 11, 12),
(1256, 46, 134, 26, 46, 3, 12, 13),
(1257, 46, 102, 24, 46, 3, 13, 14),
(1258, 46, 134, 26, 46, 4, 7, 8),
(1259, 46, 112, 28, 46, 4, 8, 9),
(1260, 46, 97, 25, 46, 4, 9, 10),
(1261, 46, 96, 23, 46, 4, 10, 11),
(1262, 46, 129, 27, 46, 4, 11, 12),
(1263, 46, 102, 24, 46, 4, 12, 13),
(1264, 46, 117, 29, 46, 4, 13, 14),
(1265, 47, 126, 25, 47, 0, 7, 8),
(1266, 47, 129, 27, 47, 0, 8, 9),
(1267, 47, 108, 26, 47, 0, 9, 10),
(1268, 47, 127, 23, 47, 0, 10, 11),
(1269, 47, 119, 24, 47, 0, 11, 12),
(1270, 47, 98, 28, 47, 0, 12, 13),
(1271, 47, 98, 28, 47, 0, 13, 14),
(1272, 47, 129, 27, 47, 1, 7, 8),
(1273, 47, 117, 29, 47, 1, 8, 9),
(1274, 47, 126, 25, 47, 1, 9, 10),
(1275, 47, 98, 28, 47, 1, 10, 11),
(1276, 47, 108, 26, 47, 1, 11, 12),
(1277, 47, 98, 28, 47, 1, 12, 13),
(1278, 47, 127, 23, 47, 1, 13, 14),
(1279, 47, 98, 28, 47, 2, 7, 8),
(1280, 47, 119, 24, 47, 2, 8, 9),
(1281, 47, 117, 29, 47, 2, 9, 10),
(1282, 47, 127, 23, 47, 2, 10, 11),
(1283, 47, 108, 26, 47, 2, 11, 12),
(1284, 47, 129, 27, 47, 2, 12, 13),
(1285, 47, 108, 26, 47, 2, 13, 14),
(1286, 47, 98, 28, 47, 3, 7, 8),
(1287, 47, 108, 26, 47, 3, 8, 9),
(1288, 47, 126, 25, 47, 3, 9, 10),
(1289, 47, 119, 24, 47, 3, 10, 11),
(1290, 47, 129, 27, 47, 3, 11, 12),
(1291, 47, 127, 23, 47, 3, 12, 13),
(1292, 47, 117, 29, 47, 3, 13, 14),
(1293, 47, 119, 24, 47, 4, 7, 8),
(1294, 47, 126, 25, 47, 4, 8, 9),
(1295, 47, 98, 28, 47, 4, 9, 10),
(1296, 47, 117, 29, 47, 4, 10, 11),
(1297, 47, 129, 27, 47, 4, 11, 12),
(1298, 47, 127, 23, 47, 4, 12, 13),
(1299, 47, 108, 26, 47, 4, 13, 14),
(1300, 48, 112, 33, 48, 0, 7, 8),
(1301, 48, 134, 36, 48, 0, 8, 9),
(1302, 48, 115, 30, 48, 0, 9, 10),
(1303, 48, 123, 35, 48, 0, 10, 11),
(1304, 48, 118, 32, 48, 0, 11, 12),
(1305, 48, 123, 35, 48, 0, 12, 14),
(1306, 48, 118, 32, 48, 1, 7, 8),
(1307, 48, 120, 31, 48, 1, 8, 9),
(1308, 48, 115, 30, 48, 1, 9, 10),
(1309, 48, 123, 35, 48, 1, 10, 12),
(1310, 48, 134, 36, 48, 1, 12, 13),
(1311, 48, 112, 33, 48, 1, 13, 14),
(1312, 48, 134, 36, 48, 2, 7, 8),
(1313, 48, 123, 35, 48, 2, 8, 10),
(1314, 48, 118, 32, 48, 2, 10, 11),
(1315, 48, 120, 31, 48, 2, 11, 12),
(1316, 48, 112, 33, 48, 2, 12, 13),
(1317, 48, 115, 30, 48, 2, 13, 14),
(1318, 48, 123, 35, 48, 3, 7, 9),
(1319, 48, 134, 36, 48, 3, 9, 10),
(1320, 48, 118, 32, 48, 3, 10, 11),
(1321, 48, 115, 30, 48, 3, 11, 12),
(1322, 48, 112, 33, 48, 3, 12, 13),
(1323, 48, 120, 31, 48, 3, 13, 14),
(1324, 48, 120, 31, 48, 4, 7, 8),
(1325, 48, 134, 36, 48, 4, 8, 9),
(1326, 48, 115, 30, 48, 4, 9, 10),
(1327, 48, 118, 32, 48, 4, 10, 11),
(1328, 48, 123, 35, 48, 4, 11, 13),
(1329, 48, 112, 33, 48, 4, 13, 14),
(1330, 49, 123, 35, 49, 0, 7, 8),
(1331, 49, 123, 35, 49, 0, 8, 10),
(1332, 49, 97, 32, 49, 0, 10, 11),
(1333, 49, 130, 33, 49, 0, 11, 12),
(1334, 49, 134, 36, 49, 0, 12, 13),
(1335, 49, 115, 30, 49, 0, 13, 14),
(1336, 49, 130, 33, 49, 1, 7, 8),
(1337, 49, 134, 36, 49, 1, 8, 9),
(1338, 49, 115, 30, 49, 1, 9, 10),
(1339, 49, 123, 35, 49, 1, 10, 12),
(1340, 49, 114, 31, 49, 1, 12, 13),
(1341, 49, 97, 32, 49, 1, 13, 14),
(1342, 49, 134, 36, 49, 2, 7, 8),
(1343, 49, 115, 30, 49, 2, 8, 9),
(1344, 49, 130, 33, 49, 2, 9, 10),
(1345, 49, 114, 31, 49, 2, 10, 11),
(1346, 49, 97, 32, 49, 2, 11, 12),
(1347, 49, 123, 35, 49, 2, 12, 14),
(1348, 49, 123, 35, 49, 3, 7, 9),
(1349, 49, 130, 33, 49, 3, 9, 10),
(1350, 49, 114, 31, 49, 3, 10, 11),
(1351, 49, 97, 32, 49, 3, 11, 12),
(1352, 49, 115, 30, 49, 3, 12, 13),
(1353, 49, 134, 36, 49, 3, 13, 14),
(1354, 49, 115, 30, 49, 4, 7, 8),
(1355, 49, 134, 36, 49, 4, 8, 9),
(1356, 49, 123, 35, 49, 4, 9, 11),
(1357, 49, 130, 33, 49, 4, 11, 12),
(1358, 49, 97, 32, 49, 4, 12, 13),
(1359, 49, 114, 31, 49, 4, 13, 14),
(1360, 50, 133, 38, 50, 0, 7, 8),
(1361, 50, 130, 40, 50, 0, 8, 9),
(1362, 50, 130, 40, 50, 0, 9, 11),
(1363, 50, 97, 39, 50, 0, 11, 12),
(1364, 50, 134, 42, 50, 0, 12, 13),
(1365, 50, 129, 41, 50, 0, 13, 14),
(1366, 50, 134, 42, 50, 1, 7, 8),
(1367, 50, 97, 39, 50, 1, 8, 9),
(1368, 50, 134, 42, 50, 1, 9, 10),
(1369, 50, 117, 43, 50, 1, 10, 11),
(1370, 50, 129, 41, 50, 1, 11, 12),
(1371, 50, 130, 40, 50, 1, 12, 14),
(1372, 50, 117, 43, 50, 2, 7, 8),
(1373, 50, 97, 39, 50, 2, 8, 9),
(1374, 50, 133, 38, 50, 2, 9, 10),
(1375, 50, 130, 40, 50, 2, 10, 12),
(1376, 50, 134, 42, 50, 2, 12, 13),
(1377, 50, 129, 41, 50, 2, 13, 14),
(1378, 50, 117, 43, 50, 3, 7, 8),
(1379, 50, 133, 38, 50, 3, 8, 9),
(1380, 50, 97, 39, 50, 3, 9, 10),
(1381, 50, 130, 40, 50, 3, 10, 12),
(1382, 50, 134, 42, 50, 3, 12, 13),
(1383, 50, 129, 41, 50, 3, 13, 14),
(1384, 50, 134, 42, 50, 4, 7, 8),
(1385, 50, 129, 41, 50, 4, 8, 9),
(1386, 50, 97, 39, 50, 4, 9, 10),
(1387, 50, 117, 43, 50, 4, 10, 11),
(1388, 50, 133, 38, 50, 4, 11, 12),
(1389, 50, 130, 40, 50, 4, 12, 14),
(1390, 51, 108, 42, 51, 0, 7, 8),
(1391, 51, 121, 41, 51, 0, 8, 9),
(1392, 51, 118, 39, 51, 0, 9, 10),
(1393, 51, 130, 40, 51, 0, 10, 11),
(1394, 51, 102, 38, 51, 0, 11, 12),
(1395, 51, 130, 40, 51, 0, 12, 14),
(1396, 51, 118, 39, 51, 1, 7, 8),
(1397, 51, 108, 42, 51, 1, 8, 9),
(1398, 51, 121, 41, 51, 1, 9, 10),
(1399, 51, 108, 42, 51, 1, 10, 11),
(1400, 51, 117, 43, 51, 1, 11, 12),
(1401, 51, 130, 40, 51, 1, 12, 14),
(1402, 51, 102, 38, 51, 2, 7, 8),
(1403, 51, 108, 42, 51, 2, 8, 9),
(1404, 51, 118, 39, 51, 2, 9, 10),
(1405, 51, 130, 40, 51, 2, 10, 12),
(1406, 51, 117, 43, 51, 2, 12, 13),
(1407, 51, 121, 41, 51, 2, 13, 14),
(1408, 51, 130, 40, 51, 3, 7, 9),
(1409, 51, 108, 42, 51, 3, 9, 10),
(1410, 51, 121, 41, 51, 3, 10, 11),
(1411, 51, 117, 43, 51, 3, 11, 12),
(1412, 51, 102, 38, 51, 3, 12, 13),
(1413, 51, 118, 39, 51, 3, 13, 14),
(1414, 51, 118, 39, 51, 4, 7, 8),
(1415, 51, 130, 40, 51, 4, 8, 10),
(1416, 51, 102, 38, 51, 4, 10, 11),
(1417, 51, 121, 41, 51, 4, 11, 12),
(1418, 51, 117, 43, 51, 4, 12, 13),
(1419, 51, 108, 42, 51, 4, 13, 14),
(1420, 52, 124, 48, 52, 0, 7, 8),
(1421, 52, 114, 46, 52, 0, 8, 9),
(1422, 52, 124, 48, 52, 0, 9, 10),
(1423, 52, 132, 51, 52, 0, 10, 11),
(1424, 52, 96, 45, 52, 0, 11, 12),
(1425, 52, 101, 50, 52, 0, 12, 13),
(1426, 52, 113, 47, 52, 0, 13, 14),
(1427, 52, 124, 48, 52, 1, 7, 9),
(1428, 52, 113, 47, 52, 1, 9, 10),
(1429, 52, 132, 51, 52, 1, 10, 11),
(1430, 52, 101, 50, 52, 1, 11, 12),
(1431, 52, 101, 50, 52, 1, 12, 13),
(1432, 52, 96, 45, 52, 1, 13, 14),
(1433, 52, 132, 51, 52, 2, 7, 8),
(1434, 52, 124, 48, 52, 2, 8, 10),
(1435, 52, 101, 50, 52, 2, 10, 11),
(1436, 52, 132, 51, 52, 2, 11, 12),
(1437, 52, 114, 46, 52, 2, 12, 13),
(1438, 52, 96, 45, 52, 2, 13, 14),
(1439, 52, 124, 48, 52, 3, 7, 9),
(1440, 52, 114, 46, 52, 3, 9, 10),
(1441, 52, 113, 47, 52, 3, 10, 11),
(1442, 52, 101, 50, 52, 3, 11, 12),
(1443, 52, 132, 51, 52, 3, 12, 13),
(1444, 52, 96, 45, 52, 3, 13, 14),
(1445, 52, 124, 48, 52, 4, 7, 9),
(1446, 52, 113, 47, 52, 4, 9, 10),
(1447, 52, 114, 46, 52, 4, 10, 11),
(1448, 52, 96, 45, 52, 4, 11, 12),
(1449, 52, 132, 51, 52, 4, 12, 13),
(1450, 52, 101, 50, 52, 4, 13, 14),
(1451, 53, 124, 48, 53, 0, 7, 8),
(1452, 53, 113, 47, 53, 0, 8, 9),
(1453, 53, 124, 48, 53, 0, 9, 10),
(1454, 53, 116, 51, 53, 0, 10, 11),
(1455, 53, 96, 45, 53, 0, 11, 12),
(1456, 53, 101, 50, 53, 0, 12, 13),
(1457, 53, 114, 46, 53, 0, 13, 14),
(1458, 53, 113, 47, 53, 1, 7, 8),
(1459, 53, 101, 50, 53, 1, 8, 9),
(1460, 53, 124, 48, 53, 1, 9, 11),
(1461, 53, 101, 50, 53, 1, 11, 12),
(1462, 53, 116, 51, 53, 1, 12, 13),
(1463, 53, 96, 45, 53, 1, 13, 14),
(1464, 53, 101, 50, 53, 2, 7, 8),
(1465, 53, 96, 45, 53, 2, 8, 9),
(1466, 53, 124, 48, 53, 2, 9, 11),
(1467, 53, 116, 51, 53, 2, 11, 12),
(1468, 53, 116, 51, 53, 2, 12, 13),
(1469, 53, 114, 46, 53, 2, 13, 14),
(1470, 53, 101, 50, 53, 3, 7, 8),
(1471, 53, 124, 48, 53, 3, 8, 10),
(1472, 53, 116, 51, 53, 3, 10, 11),
(1473, 53, 96, 45, 53, 3, 11, 12),
(1474, 53, 113, 47, 53, 3, 12, 13),
(1475, 53, 114, 46, 53, 3, 13, 14),
(1476, 53, 114, 46, 53, 4, 7, 8),
(1477, 53, 124, 48, 53, 4, 8, 10),
(1478, 53, 101, 50, 53, 4, 10, 11),
(1479, 53, 96, 45, 53, 4, 11, 12),
(1480, 53, 116, 51, 53, 4, 12, 13),
(1481, 53, 113, 47, 53, 4, 13, 14),
(1482, 54, 115, 52, 54, 0, 7, 8),
(1483, 54, 104, 53, 54, 0, 8, 9),
(1484, 54, 105, 56, 54, 0, 9, 10),
(1485, 54, 111, 55, 54, 0, 10, 11),
(1486, 54, 123, 57, 54, 0, 11, 13),
(1487, 54, 123, 57, 54, 0, 13, 14),
(1488, 54, 105, 56, 54, 1, 7, 8),
(1489, 54, 111, 55, 54, 1, 8, 9),
(1490, 54, 113, 54, 54, 1, 9, 10),
(1491, 54, 115, 52, 54, 1, 10, 11),
(1492, 54, 104, 53, 54, 1, 11, 12),
(1493, 54, 123, 57, 54, 1, 12, 14),
(1494, 54, 105, 56, 54, 2, 7, 8),
(1495, 54, 113, 54, 54, 2, 8, 9),
(1496, 54, 104, 53, 54, 2, 9, 10),
(1497, 54, 111, 55, 54, 2, 10, 11),
(1498, 54, 115, 52, 54, 2, 11, 12),
(1499, 54, 123, 57, 54, 2, 12, 14),
(1500, 54, 111, 55, 54, 3, 7, 8),
(1501, 54, 113, 54, 54, 3, 8, 9),
(1502, 54, 123, 57, 54, 3, 9, 11),
(1503, 54, 104, 53, 54, 3, 11, 12),
(1504, 54, 115, 52, 54, 3, 12, 13),
(1505, 54, 105, 56, 54, 3, 13, 14),
(1506, 54, 115, 52, 54, 4, 7, 8),
(1507, 54, 111, 55, 54, 4, 8, 9),
(1508, 54, 113, 54, 54, 4, 9, 10),
(1509, 54, 123, 57, 54, 4, 10, 12),
(1510, 54, 105, 56, 54, 4, 12, 13),
(1511, 54, 104, 53, 54, 4, 13, 14),
(1512, 55, 135, 52, 55, 0, 7, 8),
(1513, 55, 131, 55, 55, 0, 8, 9),
(1514, 55, 123, 57, 55, 0, 9, 10),
(1515, 55, 105, 58, 55, 0, 10, 11),
(1516, 55, 123, 57, 55, 0, 11, 12),
(1517, 55, 132, 56, 55, 0, 12, 13),
(1518, 55, 122, 53, 55, 0, 13, 14),
(1519, 55, 132, 56, 55, 1, 7, 8),
(1520, 55, 113, 54, 55, 1, 8, 9),
(1521, 55, 105, 58, 55, 1, 9, 10),
(1522, 55, 123, 57, 55, 1, 10, 11),
(1523, 55, 131, 55, 55, 1, 11, 12),
(1524, 55, 122, 53, 55, 1, 12, 13),
(1525, 55, 135, 52, 55, 1, 13, 14),
(1526, 55, 123, 57, 55, 2, 7, 8),
(1527, 55, 131, 55, 55, 2, 8, 9),
(1528, 55, 135, 52, 55, 2, 9, 10),
(1529, 55, 105, 58, 55, 2, 10, 11),
(1530, 55, 113, 54, 55, 2, 11, 12),
(1531, 55, 122, 53, 55, 2, 12, 13),
(1532, 55, 132, 56, 55, 2, 13, 14),
(1533, 55, 135, 52, 55, 3, 7, 8),
(1534, 55, 113, 54, 55, 3, 8, 9),
(1535, 55, 105, 58, 55, 3, 9, 10),
(1536, 55, 122, 53, 55, 3, 10, 11),
(1537, 55, 132, 56, 55, 3, 11, 12),
(1538, 55, 131, 55, 55, 3, 12, 13),
(1539, 55, 123, 57, 55, 3, 13, 14),
(1540, 55, 123, 57, 55, 4, 7, 8),
(1541, 55, 132, 56, 55, 4, 8, 9),
(1542, 55, 122, 53, 55, 4, 9, 10),
(1543, 55, 105, 58, 55, 4, 10, 11),
(1544, 55, 135, 52, 55, 4, 11, 12),
(1545, 55, 113, 54, 55, 4, 12, 13),
(1546, 55, 131, 55, 55, 4, 13, 14),
(1547, 56, 104, 60, 56, 0, 7, 8),
(1548, 56, 106, 64, 56, 0, 8, 9),
(1549, 56, 131, 62, 56, 0, 9, 10),
(1550, 56, 131, 62, 56, 0, 10, 11),
(1551, 56, 124, 63, 56, 0, 11, 12),
(1552, 56, 103, 59, 56, 0, 12, 13),
(1553, 56, 113, 61, 56, 0, 13, 14),
(1554, 56, 124, 63, 56, 1, 7, 8),
(1555, 56, 104, 60, 56, 1, 8, 9),
(1556, 56, 106, 64, 56, 1, 9, 10),
(1557, 56, 106, 64, 56, 1, 10, 11),
(1558, 56, 103, 59, 56, 1, 11, 12),
(1559, 56, 131, 62, 56, 1, 12, 13),
(1560, 56, 117, 65, 56, 1, 13, 14),
(1561, 56, 113, 61, 56, 2, 7, 8),
(1562, 56, 117, 65, 56, 2, 8, 9),
(1563, 56, 106, 64, 56, 2, 9, 10),
(1564, 56, 104, 60, 56, 2, 10, 11),
(1565, 56, 124, 63, 56, 2, 11, 12),
(1566, 56, 131, 62, 56, 2, 12, 13),
(1567, 56, 103, 59, 56, 2, 13, 14),
(1568, 56, 106, 64, 56, 3, 7, 8),
(1569, 56, 113, 61, 56, 3, 8, 9),
(1570, 56, 117, 65, 56, 3, 9, 10),
(1571, 56, 103, 59, 56, 3, 10, 11),
(1572, 56, 124, 63, 56, 3, 11, 12),
(1573, 56, 131, 62, 56, 3, 12, 13),
(1574, 56, 104, 60, 56, 3, 13, 14),
(1575, 56, 117, 65, 56, 4, 7, 8),
(1576, 56, 103, 59, 56, 4, 8, 9),
(1577, 56, 104, 60, 56, 4, 9, 10),
(1578, 56, 106, 64, 56, 4, 10, 11),
(1579, 56, 124, 63, 56, 4, 11, 12),
(1580, 56, 131, 62, 56, 4, 12, 13),
(1581, 56, 113, 61, 56, 4, 13, 14),
(1582, 57, 106, 64, 57, 0, 7, 8),
(1583, 57, 111, 62, 57, 0, 8, 9),
(1584, 57, 113, 61, 57, 0, 9, 10),
(1585, 57, 104, 60, 57, 0, 10, 11),
(1586, 57, 115, 59, 57, 0, 11, 12),
(1587, 57, 111, 62, 57, 0, 12, 13),
(1588, 57, 124, 63, 57, 0, 13, 14),
(1589, 57, 106, 64, 57, 1, 7, 8),
(1590, 57, 117, 65, 57, 1, 8, 9),
(1591, 57, 104, 60, 57, 1, 9, 10),
(1592, 57, 111, 62, 57, 1, 10, 11),
(1593, 57, 124, 63, 57, 1, 11, 12),
(1594, 57, 115, 59, 57, 1, 12, 13),
(1595, 57, 106, 64, 57, 1, 13, 14),
(1596, 57, 111, 62, 57, 2, 7, 8),
(1597, 57, 113, 61, 57, 2, 8, 9),
(1598, 57, 104, 60, 57, 2, 9, 10),
(1599, 57, 124, 63, 57, 2, 10, 11),
(1600, 57, 106, 64, 57, 2, 11, 12),
(1601, 57, 117, 65, 57, 2, 12, 13),
(1602, 57, 115, 59, 57, 2, 13, 14),
(1603, 57, 113, 61, 57, 3, 7, 8),
(1604, 57, 115, 59, 57, 3, 8, 9),
(1605, 57, 124, 63, 57, 3, 9, 10),
(1606, 57, 111, 62, 57, 3, 10, 11),
(1607, 57, 104, 60, 57, 3, 11, 12),
(1608, 57, 117, 65, 57, 3, 12, 13),
(1609, 57, 106, 64, 57, 3, 13, 14),
(1610, 57, 115, 59, 57, 4, 7, 8),
(1611, 57, 124, 63, 57, 4, 8, 9),
(1612, 57, 106, 64, 57, 4, 9, 10),
(1613, 57, 111, 62, 57, 4, 10, 11),
(1614, 57, 104, 60, 57, 4, 11, 12),
(1615, 57, 117, 65, 57, 4, 12, 13),
(1616, 57, 113, 61, 57, 4, 13, 14);

-- --------------------------------------------------------

--
-- Table structure for table `disponibilidad_maestros`
--

CREATE TABLE `disponibilidad_maestros` (
  `id` int(11) NOT NULL,
  `maestro_id` int(11) NOT NULL,
  `dia_semana` int(11) NOT NULL,
  `hora_inicio` int(11) NOT NULL,
  `hora_fin` int(11) NOT NULL
) ENGINE=InnoDB DEFAULT CHARSET=utf8mb4 COLLATE=utf8mb4_general_ci;

--
-- Dumping data for table `disponibilidad_maestros`
--

INSERT INTO `disponibilidad_maestros` (`id`, `maestro_id`, `dia_semana`, `hora_inicio`, `hora_fin`) VALUES
(498, 96, 0, 7, 22),
(499, 96, 1, 7, 22),
(500, 96, 2, 7, 22),
(501, 96, 3, 7, 22),
(502, 96, 4, 7, 22),
(503, 97, 0, 7, 22),
(504, 97, 1, 7, 22),
(505, 97, 2, 7, 22),
(506, 97, 3, 7, 22),
(507, 97, 4, 7, 22),
(508, 98, 0, 7, 22),
(509, 98, 1, 7, 22),
(510, 98, 2, 7, 22),
(511, 98, 3, 7, 22),
(512, 98, 4, 7, 22),
(513, 99, 0, 7, 22),
(514, 99, 1, 7, 22),
(515, 99, 2, 7, 22),
(516, 99, 3, 7, 22),
(517, 99, 4, 7, 22),
(518, 100, 0, 7, 22),
(519, 100, 1, 7, 22),
(520, 100, 2, 7, 22),
(521, 100, 3, 7, 22),
(522, 100, 4, 7, 22),
(523, 101, 0, 7, 22),
(524, 101, 1, 7, 22),
(525, 101, 2, 7, 22),
(526, 101, 3, 7, 22),
(527, 101, 4, 7, 22),
(528, 102, 0, 7, 22),
(529, 102, 1, 7, 22),
(530, 102, 2, 7, 22),
(531, 102, 3, 7, 22),
(532, 102, 4, 7, 22),
(533, 103, 0, 7, 22),
(534, 103, 1, 7, 22),
(535, 103, 2, 7, 22),
(536, 103, 3, 7, 22),
(537, 103, 4, 7, 22),
(538, 104, 0, 7, 22),
(539, 104, 1, 7, 22),
(540, 104, 2, 7, 22),
(541, 104, 3, 7, 22),
(542, 104, 4, 7, 22),
(543, 105, 0, 7, 22),
(544, 105, 1, 7, 22),
(545, 105, 2, 7, 22),
(546, 105, 3, 7, 22),
(547, 105, 4, 7, 22),
(548, 106, 0, 7, 22),
(549, 106, 1, 7, 22),
(550, 106, 2, 7, 22),
(551, 106, 3, 7, 22),
(552, 106, 4, 7, 22),
(553, 107, 0, 7, 22),
(554, 107, 1, 7, 22),
(555, 107, 2, 7, 22),
(556, 107, 3, 7, 22),
(557, 107, 4, 7, 22),
(558, 108, 0, 7, 22),
(559, 108, 1, 7, 22),
(560, 108, 2, 7, 22),
(561, 108, 3, 7, 22),
(562, 108, 4, 7, 22),
(563, 109, 0, 7, 22),
(564, 109, 1, 7, 22),
(565, 109, 2, 7, 22),
(566, 109, 3, 7, 22),
(567, 109, 4, 7, 22),
(568, 110, 0, 7, 22),
(569, 110, 1, 7, 22),
(570, 110, 2, 7, 22),
(571, 110, 3, 7, 22),
(572, 110, 4, 7, 22),
(573, 111, 0, 7, 22),
(574, 111, 1, 7, 22),
(575, 111, 2, 7, 22),
(576, 111, 3, 7, 22),
(577, 111, 4, 7, 22),
(578, 112, 0, 7, 22),
(579, 112, 1, 7, 22),
(580, 112, 2, 7, 22),
(581, 112, 3, 7, 22),
(582, 112, 4, 7, 22),
(583, 113, 0, 7, 22),
(584, 113, 1, 7, 22),
(585, 113, 2, 7, 22),
(586, 113, 3, 7, 22),
(587, 113, 4, 7, 22),
(588, 114, 0, 7, 22),
(589, 114, 1, 7, 22),
(590, 114, 2, 7, 22),
(591, 114, 3, 7, 22),
(592, 114, 4, 7, 22),
(593, 115, 0, 7, 22),
(594, 115, 1, 7, 22),
(595, 115, 2, 7, 22),
(596, 115, 3, 7, 22),
(597, 115, 4, 7, 22),
(598, 116, 0, 7, 22),
(599, 116, 1, 7, 22),
(600, 116, 2, 7, 22),
(601, 116, 3, 7, 22),
(602, 116, 4, 7, 22),
(603, 117, 0, 7, 22),
(604, 117, 1, 7, 22),
(605, 117, 2, 7, 22),
(606, 117, 3, 7, 22),
(607, 117, 4, 7, 22),
(608, 118, 0, 7, 22),
(609, 118, 1, 7, 22),
(610, 118, 2, 7, 22),
(611, 118, 3, 7, 22),
(612, 118, 4, 7, 22),
(613, 119, 0, 7, 22),
(614, 119, 1, 7, 22),
(615, 119, 2, 7, 22),
(616, 119, 3, 7, 22),
(617, 119, 4, 7, 22),
(618, 120, 0, 7, 22),
(619, 120, 1, 7, 22),
(620, 120, 2, 7, 22),
(621, 120, 3, 7, 22),
(622, 120, 4, 7, 22),
(623, 121, 0, 7, 22),
(624, 121, 1, 7, 22),
(625, 121, 2, 7, 22),
(626, 121, 3, 7, 22),
(627, 121, 4, 7, 22),
(628, 122, 0, 7, 22),
(629, 122, 1, 7, 22),
(630, 122, 2, 7, 22),
(631, 122, 3, 7, 22),
(632, 122, 4, 7, 22),
(633, 123, 0, 7, 22),
(634, 123, 1, 7, 22),
(635, 123, 2, 7, 22),
(636, 123, 3, 7, 22),
(637, 123, 4, 7, 22),
(638, 124, 0, 7, 22),
(639, 124, 1, 7, 22),
(640, 124, 2, 7, 22),
(641, 124, 3, 7, 22),
(642, 124, 4, 7, 22),
(643, 125, 0, 7, 22),
(644, 125, 1, 7, 22),
(645, 125, 2, 7, 22),
(646, 125, 3, 7, 22),
(647, 125, 4, 7, 22),
(648, 126, 0, 7, 22),
(649, 126, 1, 7, 22),
(650, 126, 2, 7, 22),
(651, 126, 3, 7, 22),
(652, 126, 4, 7, 22),
(653, 127, 0, 7, 22),
(654, 127, 1, 7, 22),
(655, 127, 2, 7, 22),
(656, 127, 3, 7, 22),
(657, 127, 4, 7, 22),
(658, 128, 0, 7, 22),
(659, 128, 1, 7, 22),
(660, 128, 2, 7, 22),
(661, 128, 3, 7, 22),
(662, 128, 4, 7, 22),
(663, 129, 0, 7, 22),
(664, 129, 1, 7, 22),
(665, 129, 2, 7, 22),
(666, 129, 3, 7, 22),
(667, 129, 4, 7, 22),
(668, 130, 0, 7, 22),
(669, 130, 1, 7, 22),
(670, 130, 2, 7, 22),
(671, 130, 3, 7, 22),
(672, 130, 4, 7, 22),
(673, 131, 0, 7, 22),
(674, 131, 1, 7, 22),
(675, 131, 2, 7, 22),
(676, 131, 3, 7, 22),
(677, 131, 4, 7, 22),
(678, 132, 0, 7, 22),
(679, 132, 1, 7, 22),
(680, 132, 2, 7, 22),
(681, 132, 3, 7, 22),
(682, 132, 4, 7, 22),
(683, 133, 0, 7, 22),
(684, 133, 1, 7, 22),
(685, 133, 2, 7, 22),
(686, 133, 3, 7, 22),
(687, 133, 4, 7, 22),
(688, 134, 0, 7, 22),
(689, 134, 1, 7, 22),
(690, 134, 2, 7, 22),
(691, 134, 3, 7, 22),
(692, 134, 4, 7, 22),
(693, 135, 0, 7, 22),
(694, 135, 1, 7, 22),
(695, 135, 2, 7, 22),
(696, 135, 3, 7, 22),
(697, 135, 4, 7, 22);

-- --------------------------------------------------------

--
-- Table structure for table `grupos`
--

CREATE TABLE `grupos` (
  `id` int(11) NOT NULL,
  `nombre` varchar(50) NOT NULL,
  `semestre` int(11) NOT NULL,
  `creado_en` timestamp NOT NULL DEFAULT current_timestamp()
) ENGINE=InnoDB DEFAULT CHARSET=utf8mb4 COLLATE=utf8mb4_general_ci;

--
-- Dumping data for table `grupos`
--

INSERT INTO `grupos` (`id`, `nombre`, `semestre`, `creado_en`) VALUES
(42, 'ITIID 1-1', 1, '2025-12-05 16:02:49'),
(43, 'ITIID 1-2', 1, '2025-12-05 16:02:49'),
(44, 'ITIID 2-1', 2, '2025-12-05 16:02:49'),
(45, 'ITIID 2-2', 2, '2025-12-05 16:02:49'),
(46, 'ITIID 3-1', 3, '2025-12-05 16:02:49'),
(47, 'ITIID 3-2', 3, '2025-12-05 16:02:50'),
(48, 'ITIID 4-1', 4, '2025-12-05 16:02:50'),
(49, 'ITIID 4-2', 4, '2025-12-05 16:02:50'),
(50, 'ITIID 5-1', 5, '2025-12-05 16:02:50'),
(51, 'ITIID 5-2', 5, '2025-12-05 16:02:50'),
(52, 'ITIID 7-1', 7, '2025-12-05 16:02:50'),
(53, 'ITIID 7-2', 7, '2025-12-05 16:02:50'),
(54, 'ITIID 8-1', 8, '2025-12-05 16:02:50'),
(55, 'ITIID 8-2', 8, '2025-12-05 16:02:50'),
(56, 'ITIID 9-1', 9, '2025-12-05 16:02:50'),
(57, 'ITIID 9-2', 9, '2025-12-05 16:02:51');

-- --------------------------------------------------------

--
-- Table structure for table `horarios_generados`
--

CREATE TABLE `horarios_generados` (
  `id` int(11) NOT NULL,
  `fecha_generacion` timestamp NOT NULL DEFAULT current_timestamp(),
  `estado` enum('generado','activo','archivado') DEFAULT 'generado',
  `turno` varchar(20) DEFAULT 'matutino'
) ENGINE=InnoDB DEFAULT CHARSET=utf8mb4 COLLATE=utf8mb4_general_ci;

--
-- Dumping data for table `horarios_generados`
--

INSERT INTO `horarios_generados` (`id`, `fecha_generacion`, `estado`, `turno`) VALUES
(42, '2025-12-05 16:02:49', 'generado', 'matutino'),
(43, '2025-12-05 16:02:49', 'generado', 'matutino'),
(44, '2025-12-05 16:02:49', 'generado', 'matutino'),
(45, '2025-12-05 16:02:49', 'generado', 'matutino'),
(46, '2025-12-05 16:02:49', 'generado', 'matutino'),
(47, '2025-12-05 16:02:50', 'generado', 'matutino'),
(48, '2025-12-05 16:02:50', 'generado', 'matutino'),
(49, '2025-12-05 16:02:50', 'generado', 'matutino'),
(50, '2025-12-05 16:02:50', 'generado', 'matutino'),
(51, '2025-12-05 16:02:50', 'generado', 'matutino'),
(52, '2025-12-05 16:02:50', 'generado', 'matutino'),
(53, '2025-12-05 16:02:50', 'generado', 'matutino'),
(54, '2025-12-05 16:02:50', 'generado', 'matutino'),
(55, '2025-12-05 16:02:50', 'generado', 'matutino'),
(56, '2025-12-05 16:02:50', 'generado', 'matutino'),
(57, '2025-12-05 16:02:51', 'generado', 'matutino');

-- --------------------------------------------------------

--
-- Table structure for table `maestros`
--

CREATE TABLE `maestros` (
  `id` int(11) NOT NULL,
  `nombre` varchar(100) NOT NULL,
  `email` varchar(100) NOT NULL,
  `numero` varchar(50) DEFAULT NULL,
  `horas_max_dia` int(11) DEFAULT 8,
  `horas_max_semana` int(11) DEFAULT 15,
  `creado_en` timestamp NOT NULL DEFAULT current_timestamp()
) ENGINE=InnoDB DEFAULT CHARSET=utf8mb4 COLLATE=utf8mb4_general_ci;

--
-- Dumping data for table `maestros`
--

INSERT INTO `maestros` (`id`, `nombre`, `email`, `numero`, `horas_max_dia`, `horas_max_semana`, `creado_en`) VALUES
(96, 'Myriam Ornelas', 'myriam.ornelas@upv.edu.mx', '', 8, 15, '2025-12-05 16:02:02'),
(97, 'Arturo Mascorro', 'arturo.mascorro@upv.edu.mx', '', 8, 15, '2025-12-05 16:02:02'),
(98, 'Carlos Orozco', 'carlos.orozco@upv.edu.mx', '', 8, 15, '2025-12-05 16:02:02'),
(99, 'Erendira Gutierrez', 'erendira.gutierrez@upv.edu.mx', '', 8, 15, '2025-12-05 16:02:02'),
(100, 'Luis Felipe', 'luis.felipe@upv.edu.mx', '', 8, 15, '2025-12-05 16:02:02'),
(101, 'Fernando Requena', 'fernando.requena@upv.edu.mx', '', 8, 15, '2025-12-05 16:02:02'),
(102, 'Adriana L. Trujillo', 'adriana.trujillo@upv.edu.mx', '', 8, 15, '2025-12-05 16:02:02'),
(103, 'Alma Leticia', 'alma.leticia@upv.edu.mx', '', 8, 15, '2025-12-05 16:02:02'),
(104, 'Juan M. Ornelas', 'juan.ornelas@upv.edu.mx', '', 8, 15, '2025-12-05 16:02:02'),
(105, 'Manuel Ruiz M.', 'manuel.ruiz@upv.edu.mx', '', 8, 15, '2025-12-05 16:02:02'),
(106, 'Hugo E. Trevino', 'hugo.trevino@upv.edu.mx', '', 8, 15, '2025-12-05 16:02:02'),
(107, 'Marina C. Flores', 'marina.flores@upv.edu.mx', '', 8, 15, '2025-12-05 16:02:02'),
(108, 'Carlos Castillo', 'carlos.castillo@upv.edu.mx', '', 8, 15, '2025-12-05 16:02:02'),
(109, 'Maribel A. Marin', 'maribel.marin@upv.edu.mx', '', 8, 15, '2025-12-05 16:02:02'),
(110, 'Luis R. Flores', 'luis.flores@upv.edu.mx', '', 8, 15, '2025-12-05 16:02:02'),
(111, 'Israel Pulido P.', 'israel.pulido@upv.edu.mx', '', 8, 15, '2025-12-05 16:02:02'),
(112, 'Eduardo P. Gonzalez', 'eduardo.gonzalez@upv.edu.mx', '', 8, 15, '2025-12-05 16:02:02'),
(113, 'Hugo O. Camargo', 'hugo.camargo@upv.edu.mx', '', 8, 15, '2025-12-05 16:02:02'),
(114, 'Omar Jasso Luna', 'omar.jasso@upv.edu.mx', '', 8, 15, '2025-12-05 16:02:02'),
(115, 'Karla E. Vazquez', 'karla.vazquez@upv.edu.mx', '', 8, 15, '2025-12-05 16:02:02'),
(116, 'Alberto Garcia', 'alberto.garcia@upv.edu.mx', '', 8, 15, '2025-12-05 16:02:02'),
(117, 'Alma Delia Amaya', 'alma.amaya@upv.edu.mx', '', 8, 15, '2025-12-05 16:02:02'),
(118, 'Jorge A. Hernandez', 'jorge.hernandez@upv.edu.mx', '', 8, 15, '2025-12-05 16:02:02'),
(119, 'Jose Fidencio', 'jose.fidencio@upv.edu.mx', '', 8, 15, '2025-12-05 16:02:02'),
(120, 'Jean-Michael Richer', 'jean.richer@upv.edu.mx', '', 8, 15, '2025-12-05 16:02:02'),
(121, 'Hiram Herrera R.', 'hiram.herrera@upv.edu.mx', '', 8, 15, '2025-12-05 16:02:02'),
(122, 'Marco A. Nuno', 'marco.nuno@upv.edu.mx', '', 8, 15, '2025-12-05 16:02:02'),
(123, 'Mario H. Rodriguez', 'mario.rodriguez@upv.edu.mx', '', 8, 15, '2025-12-05 16:02:02'),
(124, 'Raquel', 'raquel@upv.edu.mx', '', 8, 15, '2025-12-05 16:02:02'),
(125, 'Said P. Martagon', 'said.martagon@upv.edu.mx', '', 8, 15, '2025-12-05 16:02:03'),
(126, 'Ricardo Mendoza', 'ricardo.mendoza@upv.edu.mx', '', 8, 15, '2025-12-05 16:02:03'),
(127, 'Patricia Sanchez', 'patricia.sanchez@upv.edu.mx', '', 8, 15, '2025-12-05 16:02:03'),
(128, 'Miguel A. Torres', 'miguel.torres@upv.edu.mx', '', 8, 15, '2025-12-05 16:02:03'),
(129, 'Laura E. Ramirez', 'laura.ramirez@upv.edu.mx', '', 8, 15, '2025-12-05 16:02:03'),
(130, 'Roberto Jimenez', 'roberto.jimenez@upv.edu.mx', '', 8, 15, '2025-12-05 16:02:03'),
(131, 'Sofia M. Delgado', 'sofia.delgado@upv.edu.mx', '', 8, 15, '2025-12-05 16:02:03'),
(132, 'Andres F. Lopez', 'andres.lopez@upv.edu.mx', '', 8, 15, '2025-12-05 16:02:03'),
(133, 'Diana R. Morales', 'diana.morales@upv.edu.mx', '', 8, 15, '2025-12-05 16:02:03'),
(134, 'Oscar G. Vargas', 'oscar.vargas@upv.edu.mx', '', 8, 15, '2025-12-05 16:02:03'),
(135, 'Fernanda Castro', 'fernanda.castro@upv.edu.mx', '', 8, 15, '2025-12-05 16:02:03');

-- --------------------------------------------------------

--
-- Table structure for table `maestro_materias`
--

CREATE TABLE `maestro_materias` (
  `id` int(11) NOT NULL,
  `maestro_id` int(11) NOT NULL,
  `materia_id` int(11) NOT NULL,
  `creado_en` timestamp NOT NULL DEFAULT current_timestamp()
) ENGINE=InnoDB DEFAULT CHARSET=utf8mb4 COLLATE=utf8mb4_general_ci;

--
-- Dumping data for table `maestro_materias`
--

INSERT INTO `maestro_materias` (`id`, `maestro_id`, `materia_id`, `creado_en`) VALUES
(233, 96, 9, '2025-12-05 16:02:02'),
(234, 96, 16, '2025-12-05 16:02:02'),
(235, 96, 23, '2025-12-05 16:02:02'),
(236, 96, 30, '2025-12-05 16:02:02'),
(237, 96, 7, '2025-12-05 16:02:02'),
(238, 96, 45, '2025-12-05 16:02:02'),
(239, 96, 52, '2025-12-05 16:02:02'),
(240, 96, 59, '2025-12-05 16:02:02'),
(241, 97, 11, '2025-12-05 16:02:02'),
(242, 97, 18, '2025-12-05 16:02:02'),
(243, 97, 25, '2025-12-05 16:02:02'),
(244, 97, 32, '2025-12-05 16:02:02'),
(245, 97, 39, '2025-12-05 16:02:02'),
(246, 97, 20, '2025-12-05 16:02:02'),
(247, 98, 14, '2025-12-05 16:02:02'),
(248, 98, 21, '2025-12-05 16:02:02'),
(249, 98, 28, '2025-12-05 16:02:02'),
(250, 98, 3, '2025-12-05 16:02:02'),
(251, 99, 10, '2025-12-05 16:02:02'),
(252, 99, 17, '2025-12-05 16:02:02'),
(253, 99, 31, '2025-12-05 16:02:02'),
(254, 100, 12, '2025-12-05 16:02:02'),
(255, 100, 19, '2025-12-05 16:02:02'),
(256, 100, 51, '2025-12-05 16:02:02'),
(257, 100, 56, '2025-12-05 16:02:02'),
(258, 101, 27, '2025-12-05 16:02:02'),
(259, 101, 41, '2025-12-05 16:02:02'),
(260, 101, 50, '2025-12-05 16:02:02'),
(261, 102, 15, '2025-12-05 16:02:02'),
(262, 102, 24, '2025-12-05 16:02:02'),
(263, 102, 38, '2025-12-05 16:02:02'),
(264, 103, 9, '2025-12-05 16:02:02'),
(265, 103, 16, '2025-12-05 16:02:02'),
(266, 103, 23, '2025-12-05 16:02:02'),
(267, 103, 30, '2025-12-05 16:02:02'),
(268, 103, 7, '2025-12-05 16:02:02'),
(269, 103, 45, '2025-12-05 16:02:02'),
(270, 103, 52, '2025-12-05 16:02:02'),
(271, 103, 59, '2025-12-05 16:02:02'),
(272, 104, 13, '2025-12-05 16:02:02'),
(273, 104, 53, '2025-12-05 16:02:02'),
(274, 104, 60, '2025-12-05 16:02:02'),
(275, 105, 22, '2025-12-05 16:02:02'),
(276, 105, 56, '2025-12-05 16:02:02'),
(277, 105, 58, '2025-12-05 16:02:02'),
(278, 106, 33, '2025-12-05 16:02:02'),
(279, 106, 40, '2025-12-05 16:02:02'),
(280, 106, 64, '2025-12-05 16:02:02'),
(281, 107, 10, '2025-12-05 16:02:02'),
(282, 107, 17, '2025-12-05 16:02:02'),
(283, 107, 46, '2025-12-05 16:02:02'),
(284, 108, 26, '2025-12-05 16:02:02'),
(285, 108, 42, '2025-12-05 16:02:02'),
(286, 108, 36, '2025-12-05 16:02:02'),
(287, 109, 14, '2025-12-05 16:02:02'),
(288, 109, 21, '2025-12-05 16:02:02'),
(289, 109, 35, '2025-12-05 16:02:02'),
(290, 109, 57, '2025-12-05 16:02:02'),
(291, 110, 11, '2025-12-05 16:02:02'),
(292, 110, 18, '2025-12-05 16:02:02'),
(293, 110, 25, '2025-12-05 16:02:02'),
(294, 110, 20, '2025-12-05 16:02:02'),
(295, 111, 48, '2025-12-05 16:02:02'),
(296, 111, 55, '2025-12-05 16:02:02'),
(297, 111, 62, '2025-12-05 16:02:02'),
(298, 112, 28, '2025-12-05 16:02:02'),
(299, 112, 3, '2025-12-05 16:02:02'),
(300, 112, 33, '2025-12-05 16:02:02'),
(301, 113, 47, '2025-12-05 16:02:02'),
(302, 113, 54, '2025-12-05 16:02:02'),
(303, 113, 61, '2025-12-05 16:02:02'),
(304, 114, 49, '2025-12-05 16:02:02'),
(305, 114, 31, '2025-12-05 16:02:02'),
(306, 114, 46, '2025-12-05 16:02:02'),
(307, 115, 9, '2025-12-05 16:02:02'),
(308, 115, 16, '2025-12-05 16:02:02'),
(309, 115, 23, '2025-12-05 16:02:02'),
(310, 115, 30, '2025-12-05 16:02:02'),
(311, 115, 7, '2025-12-05 16:02:02'),
(312, 115, 45, '2025-12-05 16:02:02'),
(313, 115, 52, '2025-12-05 16:02:02'),
(314, 115, 59, '2025-12-05 16:02:02'),
(315, 116, 12, '2025-12-05 16:02:02'),
(316, 116, 19, '2025-12-05 16:02:02'),
(317, 116, 51, '2025-12-05 16:02:02'),
(318, 117, 29, '2025-12-05 16:02:02'),
(319, 117, 43, '2025-12-05 16:02:02'),
(320, 117, 65, '2025-12-05 16:02:02'),
(321, 117, 63, '2025-12-05 16:02:02'),
(322, 118, 13, '2025-12-05 16:02:02'),
(323, 118, 11, '2025-12-05 16:02:02'),
(324, 118, 39, '2025-12-05 16:02:02'),
(325, 118, 32, '2025-12-05 16:02:02'),
(326, 119, 15, '2025-12-05 16:02:02'),
(327, 119, 24, '2025-12-05 16:02:02'),
(328, 120, 10, '2025-12-05 16:02:02'),
(329, 120, 31, '2025-12-05 16:02:02'),
(330, 120, 38, '2025-12-05 16:02:02'),
(331, 121, 27, '2025-12-05 16:02:02'),
(332, 121, 41, '2025-12-05 16:02:02'),
(333, 121, 62, '2025-12-05 16:02:02'),
(334, 122, 22, '2025-12-05 16:02:02'),
(335, 122, 56, '2025-12-05 16:02:02'),
(336, 122, 60, '2025-12-05 16:02:02'),
(337, 122, 53, '2025-12-05 16:02:02'),
(338, 123, 33, '2025-12-05 16:02:02'),
(339, 123, 35, '2025-12-05 16:02:02'),
(340, 123, 57, '2025-12-05 16:02:02'),
(341, 124, 48, '2025-12-05 16:02:03'),
(342, 124, 55, '2025-12-05 16:02:03'),
(343, 124, 63, '2025-12-05 16:02:03'),
(344, 125, 14, '2025-12-05 16:02:03'),
(345, 125, 21, '2025-12-05 16:02:03'),
(346, 125, 28, '2025-12-05 16:02:03'),
(347, 125, 3, '2025-12-05 16:02:03'),
(348, 126, 11, '2025-12-05 16:02:03'),
(349, 126, 18, '2025-12-05 16:02:03'),
(350, 126, 25, '2025-12-05 16:02:03'),
(351, 126, 13, '2025-12-05 16:02:03'),
(352, 127, 9, '2025-12-05 16:02:03'),
(353, 127, 16, '2025-12-05 16:02:03'),
(354, 127, 23, '2025-12-05 16:02:03'),
(355, 127, 30, '2025-12-05 16:02:03'),
(356, 127, 7, '2025-12-05 16:02:03'),
(357, 127, 45, '2025-12-05 16:02:03'),
(358, 128, 28, '2025-12-05 16:02:03'),
(359, 128, 3, '2025-12-05 16:02:03'),
(360, 128, 14, '2025-12-05 16:02:03'),
(361, 128, 21, '2025-12-05 16:02:03'),
(362, 129, 27, '2025-12-05 16:02:03'),
(363, 129, 41, '2025-12-05 16:02:03'),
(364, 129, 50, '2025-12-05 16:02:03'),
(365, 130, 33, '2025-12-05 16:02:03'),
(366, 130, 40, '2025-12-05 16:02:03'),
(367, 130, 35, '2025-12-05 16:02:03'),
(368, 131, 48, '2025-12-05 16:02:03'),
(369, 131, 55, '2025-12-05 16:02:03'),
(370, 131, 62, '2025-12-05 16:02:03'),
(371, 132, 12, '2025-12-05 16:02:03'),
(372, 132, 19, '2025-12-05 16:02:03'),
(373, 132, 51, '2025-12-05 16:02:03'),
(374, 132, 56, '2025-12-05 16:02:03'),
(375, 133, 10, '2025-12-05 16:02:03'),
(376, 133, 17, '2025-12-05 16:02:03'),
(377, 133, 38, '2025-12-05 16:02:03'),
(378, 133, 46, '2025-12-05 16:02:03'),
(379, 134, 26, '2025-12-05 16:02:03'),
(380, 134, 42, '2025-12-05 16:02:03'),
(381, 134, 36, '2025-12-05 16:02:03'),
(382, 135, 52, '2025-12-05 16:02:03'),
(383, 135, 59, '2025-12-05 16:02:03'),
(384, 135, 15, '2025-12-05 16:02:03'),
(385, 135, 24, '2025-12-05 16:02:03');

-- --------------------------------------------------------

--
-- Table structure for table `materias`
--

CREATE TABLE `materias` (
  `id` int(11) NOT NULL,
  `nombre` varchar(100) NOT NULL,
  `horas_semanales` int(11) NOT NULL,
  `creado_en` timestamp NOT NULL DEFAULT current_timestamp(),
  `cuatrimestre` int(11) DEFAULT NULL,
  `plan_estudios_id` int(11) DEFAULT NULL
) ENGINE=InnoDB DEFAULT CHARSET=utf8mb4 COLLATE=utf8mb4_general_ci;

--
-- Dumping data for table `materias`
--

INSERT INTO `materias` (`id`, `nombre`, `horas_semanales`, `creado_en`, `cuatrimestre`, `plan_estudios_id`) VALUES
(1, 'Programación V', 4, '2025-11-25 03:42:15', NULL, NULL),
(2, 'Matemáticas', 4, '2025-11-25 03:42:15', NULL, NULL),
(3, 'Estructura de Datos', 4, '2025-11-25 03:42:15', NULL, NULL),
(4, 'Base de Datos', 3, '2025-11-25 03:42:15', NULL, NULL),
(5, 'Redes', 3, '2025-11-25 03:42:15', NULL, NULL),
(7, 'Ingles V', 4, '2025-12-03 16:24:22', NULL, NULL),
(8, 'Expresion Oral y Escrita', 3, '2025-12-03 16:24:30', NULL, NULL),
(9, 'INGLES I', 5, '2025-12-05 03:24:56', 1, 5),
(10, 'DESARROLLO HUMANO Y VALORES', 4, '2025-12-05 03:24:56', 1, 5),
(11, 'FUNDAMENTOS MATEMATICOS', 7, '2025-12-05 03:24:56', 1, 5),
(12, 'FUNDAMENTOS DE REDES', 4, '2025-12-05 03:24:56', 1, 5),
(13, 'FISICA', 6, '2025-12-05 03:24:56', 1, 5),
(14, 'FUNDAMENTOS DE PROGRAMACION', 4, '2025-12-05 03:24:56', 1, 5),
(15, 'COMUNICACION Y HABILIDADES DIGITALES', 5, '2025-12-05 03:24:56', 1, 5),
(16, 'INGLES II', 5, '2025-12-05 03:24:56', 2, 5),
(17, 'HABILIDADES SOCIOEMOCIONALES Y MANEJO DE CONFLICTOS', 4, '2025-12-05 03:24:56', 2, 5),
(18, 'CALCULO DIFERENCIAL', 6, '2025-12-05 03:24:56', 2, 5),
(19, 'CONMUTACION Y ENRUTAMIENTO DE REDES', 5, '2025-12-05 03:24:56', 2, 5),
(20, 'PROBABILIDAD Y ESTADISTICA', 5, '2025-12-05 03:24:56', 2, 5),
(21, 'PROGRAMACION ESTRUCTURADA', 5, '2025-12-05 03:24:56', 2, 5),
(22, 'SISTEMAS OPERATIVOS', 5, '2025-12-05 03:24:56', 2, 5),
(23, 'INGLES III', 5, '2025-12-05 03:24:56', 3, 5),
(24, 'DESARROLLO DEL PENSAMIENTO Y TOMA DE DECISIONES', 4, '2025-12-05 03:24:56', 3, 5),
(25, 'CALCULO INTEGRAL', 4, '2025-12-05 03:24:56', 3, 5),
(26, 'TOPICOS DE CALIDAD PARA EL DISENO DE SOFTWARE', 6, '2025-12-05 03:24:56', 3, 5),
(27, 'BASES DE DATOS', 5, '2025-12-05 03:24:56', 3, 5),
(28, 'PROGRAMACION ORIENTADA A OBJETOS', 7, '2025-12-05 03:24:56', 3, 5),
(29, 'PROYECTO INTEGRADOR I', 4, '2025-12-05 03:24:56', 3, 5),
(30, 'INGLES IV', 5, '2025-12-05 03:24:56', 4, 5),
(31, 'ETICA PROFESIONAL', 4, '2025-12-05 03:24:56', 4, 5),
(32, 'CALCULO DE VARIAS VARIABLES', 5, '2025-12-05 03:24:56', 4, 5),
(33, 'APLICACIONES WEB', 5, '2025-12-05 03:24:56', 4, 5),
(34, 'ESTRUCTURA DE DATOS', 5, '2025-12-05 03:24:56', 4, 5),
(35, 'DESARROLLO DE APLICACIONES MOVILES', 6, '2025-12-05 03:24:56', 4, 5),
(36, 'ANALISIS Y DISENO DE SOFTWARE', 5, '2025-12-05 03:24:56', 4, 5),
(37, 'INGLES V', 5, '2025-12-05 03:24:56', 5, 5),
(38, 'LIDERAZGO DE EQUIPOS DE ALTO DESEMPENO', 4, '2025-12-05 03:24:56', 5, 5),
(39, 'ECUACIONES DIFERENCIALES', 5, '2025-12-05 03:24:56', 5, 5),
(40, 'APLICACIONES WEB ORIENTADAS A SERVICIOS', 6, '2025-12-05 03:24:56', 5, 5),
(41, 'BASES DE DATOS AVANZADAS', 5, '2025-12-05 03:24:56', 5, 5),
(42, 'ESTANDARES Y METRICAS PARA EL DESARROLLO DE SOFTWARE', 6, '2025-12-05 03:24:56', 5, 5),
(43, 'PROYECTO INTEGRADOR II', 4, '2025-12-05 03:24:56', 5, 5),
(44, 'ESTADIA TSU', 40, '2025-12-05 03:24:56', 6, 5),
(45, 'INGLES VI', 5, '2025-12-05 03:24:56', 7, 5),
(46, 'HABILIDADES GERENCIALES', 4, '2025-12-05 03:24:56', 7, 5),
(47, 'FORMULACION DE PROYECTOS DE TECNOLOGIA', 4, '2025-12-05 03:24:56', 7, 5),
(48, 'FUNDAMENTOS DE INTELIGENCIA ARTIFICIAL', 6, '2025-12-05 03:24:56', 7, 5),
(49, 'LEGISLACION EN TECNOLOGIAS DE LA INFORMACION', 4, '2025-12-05 03:24:56', 7, 5),
(50, 'OPTATIVA I - MODELACION DE DATOS EN LA NUBE', 6, '2025-12-05 03:24:56', 7, 5),
(51, 'SEGURIDAD INFORMATICA', 6, '2025-12-05 03:24:56', 7, 5),
(52, 'INGLES VII', 5, '2025-12-05 03:24:56', 8, 5),
(53, 'ELECTRONICA DIGITAL', 5, '2025-12-05 03:24:56', 8, 5),
(54, 'GESTION DE PROYECTOS DE TECNOLOGIA', 4, '2025-12-05 03:24:56', 8, 5),
(55, 'PROGRAMACION PARA INTELIGENCIA ARTIFICIAL', 5, '2025-12-05 03:24:56', 8, 5),
(56, 'ADMINISTRACION DE SERVIDORES', 5, '2025-12-05 03:24:56', 8, 5),
(57, 'OPTATIVA II - PROGRAMACION MOVIL AVANZADA', 6, '2025-12-05 03:24:56', 8, 5),
(58, 'INFORMATICA FORENSE', 5, '2025-12-05 03:24:56', 8, 5),
(59, 'INGLES VIII', 5, '2025-12-05 03:24:56', 9, 5),
(60, 'INTERNET DE LAS COSAS', 5, '2025-12-05 03:24:56', 9, 5),
(61, 'EVALUACION DE PROYECTOS DE TECNOLOGIA', 4, '2025-12-05 03:24:56', 9, 5),
(62, 'CIENCIA DE DATOS', 6, '2025-12-05 03:24:56', 9, 5),
(63, 'TECNOLOGIAS DISRUPTIVAS', 5, '2025-12-05 03:24:56', 9, 5),
(64, 'OPTATIVA III - FRAMEWORKS PARA EL DESARROLLO', 6, '2025-12-05 03:24:56', 9, 5),
(65, 'PROYECTO INTEGRADOR III', 4, '2025-12-05 03:24:56', 9, 5),
(66, 'ESTADIA LICENCIATURA', 40, '2025-12-05 03:24:56', 10, 5);

-- --------------------------------------------------------

--
-- Table structure for table `planes_estudios`
--

CREATE TABLE `planes_estudios` (
  `id` int(11) NOT NULL,
  `nombre` varchar(100) NOT NULL,
  `descripcion` text DEFAULT NULL,
  `total_cuatrimestres` int(11) DEFAULT NULL,
  `creado_en` timestamp NULL DEFAULT current_timestamp()
) ENGINE=InnoDB DEFAULT CHARSET=utf8mb4 COLLATE=utf8mb4_general_ci;

--
-- Dumping data for table `planes_estudios`
--

INSERT INTO `planes_estudios` (`id`, `nombre`, `descripcion`, `total_cuatrimestres`, `creado_en`) VALUES
(5, 'ITIID', 'Licenciatura en Ingenieria en Tecnologias de la Informacion e Innovacion Digital', 10, '2025-12-05 03:24:56');

--
-- Indexes for dumped tables
--

--
-- Indexes for table `asignaciones`
--
ALTER TABLE `asignaciones`
  ADD PRIMARY KEY (`id`),
  ADD KEY `materia_id` (`materia_id`),
  ADD KEY `grupo_id` (`grupo_id`),
  ADD KEY `idx_asignacion_horario` (`horario_id`),
  ADD KEY `idx_asignacion_maestro` (`maestro_id`);

--
-- Indexes for table `disponibilidad_maestros`
--
ALTER TABLE `disponibilidad_maestros`
  ADD PRIMARY KEY (`id`),
  ADD KEY `idx_maestro_disponibilidad` (`maestro_id`);

--
-- Indexes for table `grupos`
--
ALTER TABLE `grupos`
  ADD PRIMARY KEY (`id`);

--
-- Indexes for table `horarios_generados`
--
ALTER TABLE `horarios_generados`
  ADD PRIMARY KEY (`id`);

--
-- Indexes for table `maestros`
--
ALTER TABLE `maestros`
  ADD PRIMARY KEY (`id`),
  ADD UNIQUE KEY `email` (`email`);

--
-- Indexes for table `maestro_materias`
--
ALTER TABLE `maestro_materias`
  ADD PRIMARY KEY (`id`),
  ADD UNIQUE KEY `unique_maestro_materia` (`maestro_id`,`materia_id`),
  ADD KEY `idx_maestro_materia` (`maestro_id`),
  ADD KEY `idx_materia_maestro` (`materia_id`);

--
-- Indexes for table `materias`
--
ALTER TABLE `materias`
  ADD PRIMARY KEY (`id`),
  ADD KEY `fk_plan_estudios` (`plan_estudios_id`);

--
-- Indexes for table `planes_estudios`
--
ALTER TABLE `planes_estudios`
  ADD PRIMARY KEY (`id`),
  ADD KEY `ix_planes_estudios_id` (`id`);

--
-- AUTO_INCREMENT for dumped tables
--

--
-- AUTO_INCREMENT for table `asignaciones`
--
ALTER TABLE `asignaciones`
  MODIFY `id` int(11) NOT NULL AUTO_INCREMENT, AUTO_INCREMENT=1617;

--
-- AUTO_INCREMENT for table `disponibilidad_maestros`
--
ALTER TABLE `disponibilidad_maestros`
  MODIFY `id` int(11) NOT NULL AUTO_INCREMENT, AUTO_INCREMENT=698;

--
-- AUTO_INCREMENT for table `grupos`
--
ALTER TABLE `grupos`
  MODIFY `id` int(11) NOT NULL AUTO_INCREMENT, AUTO_INCREMENT=58;

--
-- AUTO_INCREMENT for table `horarios_generados`
--
ALTER TABLE `horarios_generados`
  MODIFY `id` int(11) NOT NULL AUTO_INCREMENT, AUTO_INCREMENT=58;

--
-- AUTO_INCREMENT for table `maestros`
--
ALTER TABLE `maestros`
  MODIFY `id` int(11) NOT NULL AUTO_INCREMENT, AUTO_INCREMENT=136;

--
-- AUTO_INCREMENT for table `maestro_materias`
--
ALTER TABLE `maestro_materias`
  MODIFY `id` int(11) NOT NULL AUTO_INCREMENT, AUTO_INCREMENT=386;

--
-- AUTO_INCREMENT for table `materias`
--
ALTER TABLE `materias`
  MODIFY `id` int(11) NOT NULL AUTO_INCREMENT, AUTO_INCREMENT=69;

--
-- AUTO_INCREMENT for table `planes_estudios`
--
ALTER TABLE `planes_estudios`
  MODIFY `id` int(11) NOT NULL AUTO_INCREMENT, AUTO_INCREMENT=9;

--
-- Constraints for dumped tables
--

--
-- Constraints for table `asignaciones`
--
ALTER TABLE `asignaciones`
  ADD CONSTRAINT `asignaciones_ibfk_1` FOREIGN KEY (`horario_id`) REFERENCES `horarios_generados` (`id`) ON DELETE CASCADE,
  ADD CONSTRAINT `asignaciones_ibfk_2` FOREIGN KEY (`maestro_id`) REFERENCES `maestros` (`id`) ON DELETE CASCADE,
  ADD CONSTRAINT `asignaciones_ibfk_3` FOREIGN KEY (`materia_id`) REFERENCES `materias` (`id`) ON DELETE CASCADE,
  ADD CONSTRAINT `asignaciones_ibfk_4` FOREIGN KEY (`grupo_id`) REFERENCES `grupos` (`id`) ON DELETE CASCADE;

--
-- Constraints for table `disponibilidad_maestros`
--
ALTER TABLE `disponibilidad_maestros`
  ADD CONSTRAINT `disponibilidad_maestros_ibfk_1` FOREIGN KEY (`maestro_id`) REFERENCES `maestros` (`id`) ON DELETE CASCADE;

--
-- Constraints for table `maestro_materias`
--
ALTER TABLE `maestro_materias`
  ADD CONSTRAINT `maestro_materias_ibfk_1` FOREIGN KEY (`maestro_id`) REFERENCES `maestros` (`id`) ON DELETE CASCADE,
  ADD CONSTRAINT `maestro_materias_ibfk_2` FOREIGN KEY (`materia_id`) REFERENCES `materias` (`id`) ON DELETE CASCADE;

--
-- Constraints for table `materias`
--
ALTER TABLE `materias`
  ADD CONSTRAINT `fk_plan_estudios` FOREIGN KEY (`plan_estudios_id`) REFERENCES `planes_estudios` (`id`) ON DELETE CASCADE;
COMMIT;

/*!40101 SET CHARACTER_SET_CLIENT=@OLD_CHARACTER_SET_CLIENT */;
/*!40101 SET CHARACTER_SET_RESULTS=@OLD_CHARACTER_SET_RESULTS */;
/*!40101 SET COLLATION_CONNECTION=@OLD_COLLATION_CONNECTION */;
